{"timestamps": [1571746577.3029099], "episode_rewards": [0.0], "initial_reset_timestamp": 1571746576.5179462, "episode_lengths": [923], "episode_types": ["t"]}