{"episode_lengths": [550, 619, 411, 390, 845, 843, 688, 563, 402, 643, 659, 706, 1037, 656, 394, 537, 837, 562, 693, 789, 798, 685, 598, 640, 505, 1044, 1177, 797, 797, 543, 536, 915, 819, 946, 724, 760, 726, 520, 787, 980, 568, 397, 377, 678, 407, 804, 383, 1319, 583, 596, 821, 551, 905, 503, 765, 485, 408, 470, 367, 796, 591, 921, 409, 661, 387, 654, 890, 790, 512, 550, 796, 641, 857, 702, 540, 1120, 392, 719, 627, 556, 638, 748, 791, 701, 746, 499, 713, 674, 428, 637, 531, 737, 676, 521, 582, 807, 718, 855, 685, 648], "episode_types": ["t", "t", "t", "t", "t", "t", "t", "t", "t", "t", "t", "t", "t", "t", "t", "t", "t", "t", "t", "t", "t", "t", "t", "t", "t", "t", "t", "t", "t", "t", "t", "t", "t", "t", "t", "t", "t", "t", "t", "t", "t", "t", "t", "t", "t", "t", "t", "t", "t", "t", "t", "t", "t", "t", "t", "t", "t", "t", "t", "t", "t", "t", "t", "t", "t", "t", "t", "t", "t", "t", "t", "t", "t", "t", "t", "t", "t", "t", "t", "t", "t", "t", "t", "t", "t", "t", "t", "t", "t", "t", "t", "t", "t", "t", "t", "t", "t", "t", "t", "t"], "episode_rewards": [110.0, 105.0, 65.0, 55.0, 190.0, 150.0, 165.0, 100.0, 55.0, 120.0, 140.0, 170.0, 330.0, 180.0, 50.0, 60.0, 125.0, 50.0, 120.0, 150.0, 135.0, 100.0, 20.0, 30.0, 90.0, 330.0, 180.0, 255.0, 380.0, 105.0, 105.0, 210.0, 215.0, 265.0, 135.0, 155.0, 180.0, 5.0, 195.0, 280.0, 110.0, 60.0, 60.0, 125.0, 65.0, 155.0, 45.0, 565.0, 80.0, 45.0, 185.0, 100.0, 210.0, 50.0, 120.0, 90.0, 20.0, 65.0, 50.0, 210.0, 135.0, 240.0, 85.0, 120.0, 80.0, 135.0, 210.0, 215.0, 20.0, 135.0, 180.0, 140.0, 260.0, 150.0, 75.0, 165.0, 55.0, 180.0, 105.0, 50.0, 135.0, 180.0, 210.0, 105.0, 105.0, 55.0, 310.0, 105.0, 75.0, 110.0, 80.0, 180.0, 180.0, 35.0, 130.0, 410.0, 120.0, 215.0, 155.0, 135.0], "timestamps": [1571051357.7980077, 1571051358.2555597, 1571051358.4595237, 1571051358.6382608, 1571051359.0202234, 1571051359.4024153, 1571051359.7247515, 1571051359.9895458, 1571051360.3014283, 1571051360.6073287, 1571051360.9066622, 1571051361.2253606, 1571051361.6726677, 1571051361.9695592, 1571051362.1506941, 1571051362.3945565, 1571051362.7768798, 1571051363.0335498, 1571051363.3478982, 1571051363.6991808, 1571051364.0657291, 1571051364.3793228, 1571051364.6529632, 1571051364.945119, 1571051365.1761177, 1571051365.6306674, 1571051366.1496878, 1571051366.7187557, 1571051367.0938835, 1571051367.3483346, 1571051367.5913622, 1571051368.0047836, 1571051368.3729205, 1571051368.790858, 1571051369.1207552, 1571051369.4750934, 1571051369.8103616, 1571051370.0521555, 1571051370.42173, 1571051370.8639996, 1571051371.1262178, 1571051371.3101027, 1571051371.4869568, 1571051371.797915, 1571051371.9834018, 1571051372.3449793, 1571051372.5206606, 1571051373.0926878, 1571051373.3623843, 1571051373.6340969, 1571051374.0103843, 1571051374.2612514, 1571051374.6659224, 1571051374.8959677, 1571051375.2470772, 1571051375.4678874, 1571051375.6540082, 1571051375.8710344, 1571051376.0416658, 1571051376.4034154, 1571051376.6708484, 1571051377.0855188, 1571051377.2755845, 1571051377.5761464, 1571051377.8775203, 1571051378.188015, 1571051378.5864084, 1571051378.9459603, 1571051379.1787922, 1571051379.4319851, 1571051379.7902238, 1571051380.0800061, 1571051380.463521, 1571051380.7825367, 1571051381.0292091, 1571051381.525866, 1571051381.704984, 1571051382.02775, 1571051382.3098257, 1571051382.5611854, 1571051382.849397, 1571051383.182652, 1571051383.5368629, 1571051383.8546555, 1571051384.188145, 1571051384.419471, 1571051384.7394984, 1571051385.045295, 1571051385.2410417, 1571051385.5321612, 1571051385.7726953, 1571051386.104583, 1571051386.407688, 1571051386.648377, 1571051386.9167738, 1571051387.2803688, 1571051387.6038175, 1571051387.9859922, 1571051388.2962081, 1571051388.588764], "initial_reset_timestamp": 1571051357.3888109}